{
  "sites": [
    {
      "site_id": "1001",
      "category_id": "101",
      "category_name": "topPicks",
      "category_name_cn": "热门推荐",
      "site_name": "IconFont",
      "description": "国内最著名的图标搜索及管理平台，300万个图标下载,300万个图标下载,300万个图标下载",
      "icon": "https://image.uisdc.com/wp-content/uploads/2022/08/uisdc-nav-iconfont.png",
      "href": "https://www.iconfont.cn/"
    },
    {
      "site_id": "1002",
      "category_id": "101",
      "category_name": "topPicks",
      "category_name_cn": "热门推荐",
      "site_name": "FreePik",
      "description": "知名设计素材站！PSD、矢量图、图库应有尽有",
      "icon": "https://image.uisdc.com/wp-content/uploads/2020/06/nav-freepik.png",
      "href": "https://www.freepik.com/?ref=uisdc.com"
    },
    {
      "site_id": "1003",
      "category_id": "101",
      "category_name": "topPicks",
      "category_name_cn": "热门推荐",
      "site_name": "每日灵感",
      "description": "优设旗下灵感频道，每日都有新灵感",
      "icon": "https://image.uisdc.com/wp-content/uploads/2020/03/sdcnav-1-uu2.png",
      "href": "https://uiiiuiii.com/inspiration"
    },
    {
      "site_id": "1004",
      "category_id": "101",
      "category_name": "topPicks",
      "category_name_cn": "热门推荐",
      "site_name": "摄图网",
      "description": "1000万+图片、插画、视频、模板，免费下载",
      "icon": "https://image.uisdc.com/wp-content/uploads/2018/08/sdcnav-1-4.png",
      "href": "http://699pic.com/?from=54"
    },
    {
      "site_id": "1005",
      "category_id": "101",
      "category_name": "topPicks",
      "category_name_cn": "热门推荐",
      "site_name": "细节猎人",
      "description": "推荐！每日必看热门产品设计灵感，优设超人气频道",
      "icon": "https://image.uisdc.com/wp-content/uploads/2022/07/nav-ui-hunter.png",
      "href": "https://www.uisdc.com/hunter"
    },
    {
      "site_id": "1006",
      "category_id": "101",
      "category_name": "topPicks",
      "category_name_cn": "热门推荐",
      "site_name": "MasterGo设计神器",
      "description": "推荐！海量免费资源，更专业的云端UI设计工具",
      "icon": "https://image.uisdc.com/wp-content/uploads/2022/02/sdcnav-1-mastergo-1.png",
      "href": "https://mastergo.com/?utm_source=youshe&utm_medium=toufang&utm_campaign=rementuijian&utm_term=&utm_content="
    },
    {
      "site_id": "1007",
      "category_id": "101",
      "category_name": "topPicks",
      "category_name_cn": "热门推荐",
      "site_name": "字由商用字体",
      "description": "推荐！近1000款免费商用字体一键拥有，设计师必备",
      "icon": "https://image.uisdc.com/wp-content/uploads/2021/10/hellofont.png",
      "href": "https://www.hellofont.cn?from=UISDC:uisdc-w"
    },
    {
      "site_id": "1008",
      "category_id": "101",
      "category_name": "topPicks",
      "category_name_cn": "热门推荐",
      "site_name": "优设读报",
      "description": "每日必读！设计新闻大事小事全知道",
      "icon": "https://image.uisdc.com/wp-content/uploads/2020/03/nav-news-03192.png",
      "href": "https://www.uisdc.com/news"
    },
    {
      "site_id": "1009",
      "category_id": "101",
      "category_name": "topPicks",
      "category_name_cn": "热门推荐",
      "site_name": "包图网",
      "description": "推荐！1000万套原创品质商用素材，效率神器",
      "icon": "https://image.uisdc.com/wp-content/uploads/2018/08/sdcnav-1-11.png",
      "href": "https://ibaotu.com/guanggao/1-0-0-0-3-1.html?spm=uisdc"
    },
    {
      "site_id": "1010",
      "category_id": "101",
      "category_name": "topPicks",
      "category_name_cn": "热门推荐",
      "site_name": "Dribbble",
      "description": "国际知名设计站点！资深设计师必备",
      "icon": "https://image.uisdc.com/wp-content/uploads/2018/08/sdcnav-4-1.png",
      "href": "https://dribbble.com/"
    },
    {
      "site_id": "1011",
      "category_id": "101",
      "category_name": "topPicks",
      "category_name_cn": "热门推荐",
      "site_name": "即时设计",
      "description": "推荐！免费专业级UI设计工具，可云端协作的Sketch",
      "icon": "https://image.uisdc.com/wp-content/uploads/2021/06/nav-js-design.png",
      "href": "https://js.design/?source=uisdc&plan=rmtj"
    },
    {
      "site_id": "1012",
      "category_id": "101",
      "category_name": "topPicks",
      "category_name_cn": "热门推荐",
      "site_name": "花瓣网",
      "description": "设计师寻找灵感的必备站点，启发设计灵感",
      "icon": "https://image.uisdc.com/wp-content/uploads/2018/08/sdcnav-8-2.png",
      "href": "https://huaban.com/"
    },
    {
      "site_id": "1013",
      "category_id": "102",
      "category_name": "hdGallery",
      "category_name_cn": "高清图库",
      "site_name": "WallHaven",
      "description": "WallBase创办人失联后，前成员推出的网站",
      "icon": "https://image.uisdc.com/wp-content/uploads/2018/08/sdcnav-3-1.png",
      "href": "https://wallhaven.cc/"
    },
    {
      "site_id": "1014",
      "category_id": "102",
      "category_name": "hdGallery",
      "category_name_cn": "高清图库",
      "site_name": "拍信海量创意图片",
      "description": "推荐！超1亿张全球精选潮流图片，有版权全网可商用",
      "icon": "https://image.uisdc.com/wp-content/uploads/2020/09/paixin-ico-nav.png",
      "href": "https://www.paixin.com/?uisdc"
    },
    {
      "site_id": "1015",
      "category_id": "102",
      "category_name": "hdGallery",
      "category_name_cn": "高清图库",
      "site_name": "Unsplash",
      "description": "知名免费图库，免费下载高分辨率照片，可商用",
      "icon": "https://image.uisdc.com/wp-content/uploads/2022/11/sdcnav-unsplash-9.png",
      "href": "https://unsplash.com/"
    },
    {
      "site_id": "1016",
      "category_id": "102",
      "category_name": "hdGallery",
      "category_name_cn": "高清图库",
      "site_name": "PNG素材库",
      "description": "推荐！最知名的PNG优质素材库。透明的、感动的",
      "icon": "https://image.uisdc.com/wp-content/uploads/2018/08/sdcnav-3-png.png",
      "href": "https://pngimg.com/"
    },
    {
      "site_id": "1017",
      "category_id": "102",
      "category_name": "hdGallery",
      "category_name_cn": "高清图库",
      "site_name": "全画作",
      "description": "强烈推荐！几十万张超高分辨率艺术作品欣赏",
      "icon": "https://image.uisdc.com/wp-content/uploads/2020/01/nav2020-qls.png",
      "href": "https://www.allhistory.com/painting"
    },
    {
      "site_id": "1018",
      "category_id": "102",
      "category_name": "hdGallery",
      "category_name_cn": "高清图库",
      "site_name": "SplitShire",
      "description": "免费可商用的图片库，更有视频素材资源",
      "icon": "https://image.uisdc.com/wp-content/uploads/2022/11/sdcnav-splitshire.png",
      "href": "https://www.splitshire.com/"
    },
    {
      "site_id": "1019",
      "category_id": "102",
      "category_name": "hdGallery",
      "category_name_cn": "高清图库",
      "site_name": "Pexels",
      "description": "推荐！提供高清尺寸且品质优良的免费照片网站",
      "icon": "https://image.uisdc.com/wp-content/uploads/2022/11/nav-pexels-2022.png",
      "href": "https://www.pexels.com/"
    },
    {
      "site_id": "1020",
      "category_id": "102",
      "category_name": "hdGallery",
      "category_name_cn": "高清图库",
      "site_name": "微软Bing图库",
      "description": "推荐！帮你探索收集那些精美的图像，可按色彩检索",
      "icon": "https://image.uisdc.com/wp-content/uploads/2018/08/sdcnav-3-8.png",
      "href": "https://cn.bing.com/images/trending"
    },
    {
      "site_id": "1021",
      "category_id": "102",
      "category_name": "hdGallery",
      "category_name_cn": "高清图库",
      "site_name": "Yestone创意图片库",
      "description": "每天3万张上新，全部正版商用授权，品质高到挑花眼",
      "icon": "https://image.uisdc.com/wp-content/uploads/2018/08/sdcnav-3-2.png",
      "href": "https://www.yestone.com/?ref=768164"
    },
    {
      "site_id": "1022",
      "category_id": "102",
      "category_name": "hdGallery",
      "category_name_cn": "高清图库",
      "site_name": "StockSnap",
      "description": "推荐！专业的免费可商用照片图片素材资源库",
      "icon": "https://image.uisdc.com/wp-content/uploads/2022/11/sdcnav-stocksnap-2022.png",
      "href": "https://stocksnap.io/"
    },
    {
      "site_id": "1023",
      "category_id": "102",
      "category_name": "hdGallery",
      "category_name_cn": "高清图库",
      "site_name": "Pixabay",
      "description": "百万张免费高清图片，高质量可商用",
      "icon": "https://image.uisdc.com/wp-content/uploads/2018/08/sdcnav-3-12.png",
      "href": "https://pixabay.com/"
    },
    {
      "site_id": "1024",
      "category_id": "102",
      "category_name": "hdGallery",
      "category_name_cn": "高清图库",
      "site_name": "500px",
      "description": "致力于视觉摄影分享、发现的专业平台",
      "icon": "https://image.uisdc.com/wp-content/uploads/2018/08/sdcnav-3-11.png",
      "href": "https://500px.com.cn/community/discover?t=fresh"
    },
    {
      "site_id": "1025",
      "category_id": "103",
      "category_name": "designTutorials",
      "category_name_cn": "设计教程",
      "site_name": "优优教程网",
      "description": "超人气的优质中文教程网站，PS、AI、AE、C4D",
      "icon": "https://image.uisdc.com/wp-content/uploads/2020/03/sdcnav-1-uu3.png",
      "href": "https://uiiiuiii.com/"
    },
    {
      "site_id": "1026",
      "category_id": "103",
      "category_name": "designTutorials",
      "category_name_cn": "设计教程",
      "site_name": "PSDTuts+",
      "description": "Photoshop教程，从初学者到高级进阶，应有尽有",
      "icon": "https://image.uisdc.com/wp-content/uploads/2018/08/sdcnav-2-1.png",
      "href": "https://design.tutsplus.com/"
    },
    {
      "site_id": "1027",
      "category_id": "103",
      "category_name": "designTutorials",
      "category_name_cn": "设计教程",
      "site_name": "Adobe 设计周报",
      "description": "Adobe官方站！大神们通过全家桶创作过程的经验总结",
      "icon": "https://image.uisdc.com/wp-content/uploads/2018/08/sdcnav-2-2.png",
      "href": "https://create.adobe.com/"
    },
    {
      "site_id": "1028",
      "category_id": "103",
      "category_name": "designTutorials",
      "category_name_cn": "设计教程",
      "site_name": "PhotoshopVIP",
      "description": "日本超人气设计站点，网站很多干货",
      "icon": "https://image.uisdc.com/wp-content/uploads/2018/08/sdcnav-2-3.png",
      "href": "https://photoshopvip.net/"
    },
    {
      "site_id": "1029",
      "category_id": "103",
      "category_name": "designTutorials",
      "category_name_cn": "设计教程",
      "site_name": "Smashing Magazine",
      "description": "国外最著名的设计博客，许多高大上的设计文章",
      "icon": "https://image.uisdc.com/wp-content/uploads/2018/08/sdcnav-2-4.png",
      "href": "https://www.smashingmagazine.com/"
    },
    {
      "site_id": "1030",
      "category_id": "103",
      "category_name": "designTutorials",
      "category_name_cn": "设计教程",
      "site_name": "数字艺术在线",
      "description": "教程都很棒！你更会爱上网站展现教程的回廊方式",
      "icon": "https://image.uisdc.com/wp-content/uploads/2018/08/sdcnav-2-5.png",
      "href": "https://www.digitalartsonline.co.uk/tutorials/"
    },
    {
      "site_id": "1031",
      "category_id": "103",
      "category_name": "designTutorials",
      "category_name_cn": "设计教程",
      "site_name": "优设网",
      "description": "与大师零距离接触，一线设计师、总监的干货分享地",
      "icon": "https://image.uisdc.com/wp-content/uploads/2018/08/sdcnav-2-7.png",
      "href": "https://www.uisdc.com/"
    },
    {
      "site_id": "1032",
      "category_id": "103",
      "category_name": "designTutorials",
      "category_name_cn": "设计教程",
      "site_name": "Photoshop Lady",
      "description": "提供各种详细的photoshop教程，优设联盟站点",
      "icon": "https://image.uisdc.com/wp-content/uploads/2018/08/sdcnav-2-6.png",
      "href": "https://www.photoshoplady.com/"
    },
    {
      "site_id": "1033",
      "category_id": "103",
      "category_name": "designTutorials",
      "category_name_cn": "设计教程",
      "site_name": "PSD爱好者",
      "description": "提供Photoshop教程、设计文章和资源下载",
      "icon": "https://image.uisdc.com/wp-content/uploads/2018/08/sdcnav-2-9.png",
      "href": "http://psd.fanextra.com/"
    },
    {
      "site_id": "1034",
      "category_id": "103",
      "category_name": "designTutorials",
      "category_name_cn": "设计教程",
      "site_name": "站酷",
      "description": "综合性设计分享网站，原创设计交流平台",
      "icon": "https://image.uisdc.com/wp-content/uploads/2018/08/sdcnav-2-10.png",
      "href": "https://www.zcool.com.cn/"
    },
    {
      "site_id": "1035",
      "category_id": "103",
      "category_name": "designTutorials",
      "category_name_cn": "设计教程",
      "site_name": "Abduzeedo",
      "description": "汇集大量视觉灵感和酷炫PS教程的设计博客",
      "icon": "https://image.uisdc.com/wp-content/uploads/2018/08/sdcnav-2-11.png",
      "href": "https://abduzeedo.com/"
    },
    {
      "site_id": "1036",
      "category_id": "103",
      "category_name": "designTutorials",
      "category_name_cn": "设计教程",
      "site_name": "Coliss",
      "description": "日本有名站点！大量网站制作相关的设计技巧和神器",
      "icon": "https://image.uisdc.com/wp-content/uploads/2018/08/sdcnav-2-12.png",
      "href": "https://coliss.com/"
    },
    {
      "site_id": "1037",
      "category_id": "104",
      "category_name": "interfaceDesign",
      "category_name_cn": "界面设计",
      "site_name": "Dribbble",
      "description": "设计师必备站点，国内顶尖的设计师都在上面",
      "icon": "https://image.uisdc.com/wp-content/uploads/2018/08/sdcnav-4-1.png",
      "href": "https://dribbble.com/"
    },
    {
      "site_id": "1038",
      "category_id": "104",
      "category_name": "interfaceDesign",
      "category_name_cn": "界面设计",
      "site_name": "Behance",
      "description": "全球领先的创意设计类聚合平台",
      "icon": "https://image.uisdc.com/wp-content/uploads/2018/08/sdcnav-4-2.png",
      "href": "https://www.behance.net/"
    },
    {
      "site_id": "1039",
      "category_id": "104",
      "category_name": "interfaceDesign",
      "category_name_cn": "界面设计",
      "site_name": "UI8",
      "description": "聚集世界各地优秀设计师的界面源文件",
      "icon": "https://image.uisdc.com/wp-content/uploads/2018/08/sdcnav-4-3.png",
      "href": "https://ui8.net/"
    },
    {
      "site_id": "1040",
      "category_id": "104",
      "category_name": "interfaceDesign",
      "category_name_cn": "界面设计",
      "site_name": "Flat UI",
      "description": "扁平化UI设计灵感，采集扁平化相关的App、网页等",
      "icon": "https://image.uisdc.com/wp-content/uploads/2018/08/sdcnav-4-4.png",
      "href": "https://flatui.com/"
    },
    {
      "site_id": "1041",
      "category_id": "104",
      "category_name": "interfaceDesign",
      "category_name_cn": "界面设计",
      "site_name": "UI Movement",
      "description": "展示世界最有才华设计师的界面动效设计作品",
      "icon": "https://image.uisdc.com/wp-content/uploads/2018/08/sdcnav-4-5.png",
      "href": "https://uimovement.com/"
    },
    {
      "site_id": "1042",
      "category_id": "104",
      "category_name": "interfaceDesign",
      "category_name_cn": "界面设计",
      "site_name": "365psd",
      "description": "兢兢业业每天更新着用户界面相关的PSD",
      "icon": "https://image.uisdc.com/wp-content/uploads/2018/08/sdcnav-4-6.png",
      "href": "https://365psd.com/"
    },
    {
      "site_id": "1043",
      "category_id": "104",
      "category_name": "interfaceDesign",
      "category_name_cn": "界面设计",
      "site_name": "CollectUI",
      "description": "UI设计必备！100多个分类，不用发愁没灵感了",
      "icon": "https://image.uisdc.com/wp-content/uploads/2018/08/sdcnav-4-7.png",
      "href": "https://collectui.com/"
    },
    {
      "site_id": "1044",
      "category_id": "104",
      "category_name": "interfaceDesign",
      "category_name_cn": "界面设计",
      "site_name": "UI 设计",
      "description": "超赞！为您精挑细选的界面设计频道",
      "icon": "https://image.uisdc.com/wp-content/uploads/2020/03/sdcnav-1-uu.png",
      "href": "https://uiiiuiii.com/inspirations/ui"
    },
    {
      "site_id": "1045",
      "category_id": "104",
      "category_name": "interfaceDesign",
      "category_name_cn": "界面设计",
      "site_name": "Pixeden",
      "description": "赞！免费优质界面设计源文件及有网站模板",
      "icon": "https://image.uisdc.com/wp-content/uploads/2018/08/sdcnav-4-9.png",
      "href": "https://www.pixeden.com/"
    },
    {
      "site_id": "1046",
      "category_id": "104",
      "category_name": "interfaceDesign",
      "category_name_cn": "界面设计",
      "site_name": "Site Inspire",
      "description": "致力于分享推荐优秀网页及交互设计案例",
      "icon": "https://image.uisdc.com/wp-content/uploads/2018/08/sdcnav-4-10.png",
      "href": "https://www.siteinspire.com/"
    },
    {
      "site_id": "1047",
      "category_id": "104",
      "category_name": "interfaceDesign",
      "category_name_cn": "界面设计",
      "site_name": "Designmodo",
      "description": "所有高质量UI工具包都在这里可以找到，部分免费下载",
      "icon": "https://image.uisdc.com/wp-content/uploads/2018/08/sdcnav-4-11.png",
      "href": "https://designmodo.com/"
    },
    {
      "site_id": "1048",
      "category_id": "104",
      "category_name": "interfaceDesign",
      "category_name_cn": "界面设计",
      "site_name": "UI 设计文章精选",
      "description": "推荐！前沿有料的UI设计文章在此集结",
      "icon": "https://image.uisdc.com/wp-content/uploads/2022/07/nav-ui-2022.png",
      "href": "https://www.uisdc.com/category/uiicon"
    },
    {
      "site_id": "1049",
      "category_id": "105",
      "category_name": "ideas",
      "category_name_cn": "灵感创意",
      "site_name": "Pinterest",
      "description": "一个受世界瞩目的，全球最大的创意灵感图片分享网站",
      "icon": "https://image.uisdc.com/wp-content/uploads/2018/08/sdcnav-8-1.png",
      "href": "https://www.pinterest.com/"
    },
    {
      "site_id": "1050",
      "category_id": "105",
      "category_name": "ideas",
      "category_name_cn": "灵感创意",
      "site_name": "花瓣",
      "description": "采集你喜欢的美好事物，发现新知，启发设计灵感",
      "icon": "https://image.uisdc.com/wp-content/uploads/2018/08/sdcnav-8-2.png",
      "href": "https://huaban.com/"
    },
    {
      "site_id": "1051",
      "category_id": "105",
      "category_name": "ideas",
      "category_name_cn": "灵感创意",
      "site_name": "UiiiUiii 灵感频道",
      "description": "推荐！超人气的灵感库，优优教程网旗下产品",
      "icon": "https://image.uisdc.com/wp-content/uploads/2020/03/sdcnav-1-uu2.png",
      "href": "https://uiiiuiii.com/inspiration"
    },
    {
      "site_id": "1052",
      "category_id": "105",
      "category_name": "ideas",
      "category_name_cn": "灵感创意",
      "site_name": "Designspiration",
      "description": "提供设计灵感、插画摄影、时尚以及艺术相关的一切",
      "icon": "https://image.uisdc.com/wp-content/uploads/2020/02/designspiration-nav-2020.png",
      "href": "https://www.designspiration.com/"
    },
    {
      "site_id": "1053",
      "category_id": "105",
      "category_name": "ideas",
      "category_name_cn": "灵感创意",
      "site_name": "Product Hunt",
      "description": "每天发现有趣的创新产品，离硅谷最近的眼睛",
      "icon": "https://image.uisdc.com/wp-content/uploads/2018/08/sdcnav-8-5.png",
      "href": "https://www.producthunt.com/"
    },
    {
      "site_id": "1054",
      "category_id": "105",
      "category_name": "ideas",
      "category_name_cn": "灵感创意",
      "site_name": "幻觉",
      "description": "展示最惊人的创作，涵盖艺术、设计、摄影和视频",
      "icon": "https://image.uisdc.com/wp-content/uploads/2018/08/sdcnav-8-6.png",
      "href": "https://scene360.com/"
    },
    {
      "site_id": "1055",
      "category_id": "105",
      "category_name": "ideas",
      "category_name_cn": "灵感创意",
      "site_name": "ArtStation",
      "description": "强烈推荐！一个收录世界顶级插画作品的社区",
      "icon": "https://image.uisdc.com/wp-content/uploads/2018/08/sdcnav-8-12.png",
      "href": "https://www.artstation.com/"
    },
    {
      "site_id": "1056",
      "category_id": "105",
      "category_name": "ideas",
      "category_name_cn": "灵感创意",
      "site_name": "优设9图",
      "description": "顶尖设计知识卡片！每日必看灵感频道",
      "icon": "https://image.uisdc.com/wp-content/uploads/2022/11/nav-group.png",
      "href": "https://www.uisdc.com/group"
    },
    {
      "site_id": "1057",
      "category_id": "105",
      "category_name": "ideas",
      "category_name_cn": "灵感创意",
      "site_name": "BOOOOOOOM",
      "description": "发人深省的创意图片，博客设计简约但内容丰富",
      "icon": "https://image.uisdc.com/wp-content/uploads/2018/08/sdcnav-8-7.png",
      "href": "https://www.booooooom.com/"
    },
    {
      "site_id": "1058",
      "category_id": "105",
      "category_name": "ideas",
      "category_name_cn": "灵感创意",
      "site_name": "灵感网络",
      "description": "推荐！聚合来自世界各地的创意人才，每天汲取灵感",
      "icon": "https://image.uisdc.com/wp-content/uploads/2018/08/sdcnav-8-8.png",
      "href": "https://theinspirationgrid.com/"
    },
    {
      "site_id": "1059",
      "category_id": "105",
      "category_name": "ideas",
      "category_name_cn": "灵感创意",
      "site_name": "Lapa网页灵感图库",
      "description": "设计网站前，推荐来这里找灵感，有贴心全屏预览图",
      "icon": "https://image.uisdc.com/wp-content/uploads/2018/08/sdcnav-8-9.png",
      "href": "https://www.lapa.ninja/"
    },
    {
      "site_id": "1060",
      "category_id": "105",
      "category_name": "ideas",
      "category_name_cn": "灵感创意",
      "site_name": "迷你单页狂热者",
      "description": "流行的网页趋势！不可不知的迷你站点大全",
      "icon": "https://image.uisdc.com/wp-content/uploads/2018/08/sdcnav-8-10.png",
      "href": "https://www.onepagemania.com/"
    },
    {
      "site_id": "1061",
      "category_id": "106",
      "category_name": "designTools",
      "category_name_cn": "设计工具",
      "site_name": "神器推荐专栏",
      "description": "优设网神器推荐专栏，全球设计工具全收录",
      "icon": "https://image.uisdc.com/wp-content/uploads/2018/08/sdcnav-9-1.png",
      "href": "https://www.uisdc.com/category/hot-download/tools-download"
    },
    {
      "site_id": "1062",
      "category_id": "106",
      "category_name": "designTools",
      "category_name_cn": "设计工具",
      "site_name": "MasterGo设计神器",
      "description": "推荐！海量免费资源，更专业的云端UI设计工具",
      "icon": "https://image.uisdc.com/wp-content/uploads/2022/02/sdcnav-1-mastergo-1.png",
      "href": "https://mastergo.com?utm_source=youshe&utm_medium=wangzhidaohang&utm_campaign=shejigongju&utm_term=&utm_content="
    },
    {
      "site_id": "1063",
      "category_id": "106",
      "category_name": "designTools",
      "category_name_cn": "设计工具",
      "site_name": "阿里云建站神器",
      "description": "1034套PC+手机站网站模板！会打字就会建网站",
      "icon": "https://image.uisdc.com/wp-content/uploads/2020/04/nav-aliyun-202018.png",
      "href": "https://ac.aliyun.com/application/webdesign/sumei?source=5176.11533457&userCode=itzns7ko"
    },
    {
      "site_id": "1064",
      "category_id": "106",
      "category_name": "designTools",
      "category_name_cn": "设计工具",
      "site_name": "PPT神器 iSlide",
      "description": "一键优化！你和PPT高手之间就差这个插件了",
      "icon": "https://image.uisdc.com/wp-content/uploads/2018/08/sdcnav-9-3.png",
      "href": "https://www.uisdc.com/ppt-artifact-islide"
    },
    {
      "site_id": "1065",
      "category_id": "106",
      "category_name": "designTools",
      "category_name_cn": "设计工具",
      "site_name": "京东JDR Design",
      "description": "推荐！京东设计团队的设计神器都在这里了",
      "icon": "https://image.uisdc.com/wp-content/uploads/2020/03/jdr-design-nav.png",
      "href": "https://jdrd.jd.com/"
    },
    {
      "site_id": "1066",
      "category_id": "106",
      "category_name": "designTools",
      "category_name_cn": "设计工具",
      "site_name": "Adobe全家桶",
      "description": "官方试用版下载链接，PS AI AE全都有，你懂得",
      "icon": "https://image.uisdc.com/wp-content/uploads/2018/08/sdcnav-9-6.png",
      "href": "https://uiiiuiii.com/software/5103.html"
    },
    {
      "site_id": "1067",
      "category_id": "106",
      "category_name": "designTools",
      "category_name_cn": "设计工具",
      "site_name": "建站之星 SiteStar",
      "description": "国内著名建站品牌，PC+手机+小程序网站快速生成",
      "icon": "https://image.uisdc.com/wp-content/uploads/2018/08/sdcnav-9-7.png",
      "href": "https://www.sitestar.cn/"
    },
    {
      "site_id": "1068",
      "category_id": "106",
      "category_name": "designTools",
      "category_name_cn": "设计工具",
      "site_name": "FocoClipping 在线抠图",
      "description": "强大的在线抠图神器！3秒出图全自动超方便",
      "icon": "https://image.uisdc.com/wp-content/uploads/2021/08/nav-fococlipping.png",
      "href": "https://www.uisdc.com/fococlipping"
    },
    {
      "site_id": "1069",
      "category_id": "106",
      "category_name": "designTools",
      "category_name_cn": "设计工具",
      "site_name": "H5制作神器",
      "description": "推荐！专业级H5制作神器，在线设计，无需编程",
      "icon": "https://image.uisdc.com/wp-content/uploads/2019/11/nav-1107-epub.png",
      "href": "https://www.epub360.com/?utm_source=uisdc&utm_medium=ad&utm_campaign=hao"
    },
    {
      "site_id": "1070",
      "category_id": "106",
      "category_name": "designTools",
      "category_name_cn": "设计工具",
      "site_name": "设计师神器",
      "description": "推荐！优设主编整理的设计师神器栏目",
      "icon": "https://image.uisdc.com/wp-content/uploads/2018/08/sdcnav-9-2.png",
      "href": "https://www.uisdc.com/category/tools-download"
    },
    {
      "site_id": "1071",
      "category_id": "106",
      "category_name": "designTools",
      "category_name_cn": "设计工具",
      "site_name": "PS拉框助手",
      "description": "一款人气PS插件！可快速生成各类图表及UI控件",
      "icon": "https://image.uisdc.com/wp-content/uploads/2019/10/pslkzs.png",
      "href": "https://www.pslkzs.com/"
    },
    {
      "site_id": "1072",
      "category_id": "106",
      "category_name": "designTools",
      "category_name_cn": "设计工具",
      "site_name": "Vector Magic",
      "description": "1秒钟在线位图转矢量！好用的转矢量神器",
      "icon": "https://image.uisdc.com/wp-content/uploads/2019/12/nav-vectormagic.png",
      "href": "https://vectormagic.com/"
    },
    {
      "site_id": "1073",
      "category_id": "107",
      "category_name": "ai",
      "category_name_cn": "AI人工智能",
      "site_name": "AI绘画专题",
      "description": "推荐！为您精选AI绘画有关的神器和介绍",
      "icon": "https://image.uisdc.com/wp-content/uploads/2022/11/nav-ai.png",
      "href": "https://www.uisdc.com/zt/ai-draw"
    },
    {
      "site_id": "1074",
      "category_id": "107",
      "category_name": "ai",
      "category_name_cn": "AI人工智能",
      "site_name": "据意查句",
      "description": "清华出品！AI 神器让你的文案立马变高级",
      "icon": "https://image.uisdc.com/wp-content/uploads/2022/11/nav-wantquotes.png",
      "href": "https://wantquotes.net/"
    },
    {
      "site_id": "1075",
      "category_id": "107",
      "category_name": "ai",
      "category_name_cn": "AI人工智能",
      "site_name": "Img.Upscaler",
      "description": "一键变清晰！能将PNG/JPG图像分辨率升级2倍或4倍",
      "icon": "https://image.uisdc.com/wp-content/uploads/2022/11/nav-imgupscaler.png",
      "href": "https://imgupscaler.com/"
    },
    {
      "site_id": "1076",
      "category_id": "107",
      "category_name": "ai",
      "category_name_cn": "AI人工智能",
      "site_name": "EXPERTE",
      "description": "免费在线抠图工具，去除图像背景边缘清晰",
      "icon": "https://image.uisdc.com/wp-content/uploads/2022/11/nav-experte.png",
      "href": "https://www.experte.com/background-remover"
    },
    {
      "site_id": "1077",
      "category_id": "107",
      "category_name": "ai",
      "category_name_cn": "AI人工智能",
      "site_name": "ExtractBg",
      "description": "智能识别图像主体并一键去除背景，无下载限制",
      "icon": "https://image.uisdc.com/wp-content/uploads/2022/11/nav-extractbg.png",
      "href": "https://extractbg.com/"
    },
    {
      "site_id": "1078",
      "category_id": "107",
      "category_name": "ai",
      "category_name_cn": "AI人工智能",
      "site_name": "反向词典",
      "description": "人工智能同义词搜索工具，专治词语匮乏综合征",
      "icon": "https://image.uisdc.com/wp-content/uploads/2022/11/nav-wantwords.png",
      "href": "https://wantwords.net/"
    },
    {
      "site_id": "1079",
      "category_id": "107",
      "category_name": "ai",
      "category_name_cn": "AI人工智能",
      "site_name": "Get写作",
      "description": "全网热点追踪！一站式智能写作服务平台",
      "icon": "https://image.uisdc.com/wp-content/uploads/2022/11/nav-getgetai.png",
      "href": "https://getgetai.com/"
    },
    {
      "site_id": "1080",
      "category_id": "107",
      "category_name": "ai",
      "category_name_cn": "AI人工智能",
      "site_name": "Magic Eraser",
      "description": "一键抹去图片中不需要的元素，且毫无修图痕迹",
      "icon": "https://image.uisdc.com/wp-content/uploads/2022/11/nav-magiceraser.png",
      "href": "https://www.magiceraser.io/"
    },
    {
      "site_id": "1081",
      "category_id": "107",
      "category_name": "ai",
      "category_name_cn": "AI人工智能",
      "site_name": "Huemint",
      "description": "一键生成多种和谐配色方案！配色效果可实时预览",
      "icon": "https://image.uisdc.com/wp-content/uploads/2022/11/nav-huemint.png",
      "href": "https://www.uisdc.com/huemint"
    },
    {
      "site_id": "1082",
      "category_id": "107",
      "category_name": "ai",
      "category_name_cn": "AI人工智能",
      "site_name": "Relight",
      "description": "打光修图神器！呈现多姿多彩立体光影效果",
      "icon": "https://image.uisdc.com/wp-content/uploads/2022/11/nav-relight.png",
      "href": "https://www.uisdc.com/relight"
    },
    {
      "site_id": "1083",
      "category_id": "107",
      "category_name": "ai",
      "category_name_cn": "AI人工智能",
      "site_name": "Palette.fm",
      "description": "黑白图像转彩色！10秒内提供20种不同的上色效果",
      "icon": "https://image.uisdc.com/wp-content/uploads/2022/11/nav-palettefm.png",
      "href": "https://www.uisdc.com/palette-fm"
    },
    {
      "site_id": "1084",
      "category_id": "107",
      "category_name": "ai",
      "category_name_cn": "AI人工智能",
      "site_name": "NewProfilePic",
      "description": "免费的风格化头像生成器！让头像秒变美式插画风",
      "icon": "https://image.uisdc.com/wp-content/uploads/2022/11/nav-NewProfilePic.png",
      "href": "https://www.uisdc.com/newprofilepic"
    },
    {
      "site_id": "1085",
      "category_id": "108",
      "category_name": "resources",
      "category_name_cn": "素材资源",
      "site_name": "稿定设计",
      "description": "提供海量免费素材，多场景商业视觉在线设计平台",
      "icon": "https://image.uisdc.com/wp-content/uploads/2018/12/sdcnav-gdsj-12.png",
      "href": "https://www.gaoding.com/utms/f10839263a60c1c447c75fcbe10183c2"
    },
    {
      "site_id": "1086",
      "category_id": "108",
      "category_name": "resources",
      "category_name_cn": "素材资源",
      "site_name": "纹理王",
      "description": "免费的高分辨率顶尖纹理，可以商用",
      "icon": "https://image.uisdc.com/wp-content/uploads/2018/08/sdcnav-sc-1.png",
      "href": "https://www.textureking.com/category/all-textures/"
    },
    {
      "site_id": "1087",
      "category_id": "108",
      "category_name": "resources",
      "category_name_cn": "素材资源",
      "site_name": "freebiesbug",
      "description": "最新的免费设计资源",
      "icon": "https://image.uisdc.com/wp-content/uploads/2018/08/sdcnav-sc-2.png",
      "href": "https://freebiesbug.com/"
    },
    {
      "site_id": "1088",
      "category_id": "108",
      "category_name": "resources",
      "category_name_cn": "素材资源",
      "site_name": "LogoPond",
      "description": "高端logo集萃，设计前必须来池子里泡一泡",
      "icon": "https://image.uisdc.com/wp-content/uploads/2018/08/sdcnav-sc-3.png",
      "href": "https://logopond.com/"
    },
    {
      "site_id": "1089",
      "category_id": "108",
      "category_name": "resources",
      "category_name_cn": "素材资源",
      "site_name": "阿里图标库",
      "description": "国内最著名的图标搜索及管理平台，300万个图标下载",
      "icon": "https://image.uisdc.com/wp-content/uploads/2018/08/sdcnav-1-1.png",
      "href": "https://www.iconfont.cn/"
    },
    {
      "site_id": "1090",
      "category_id": "108",
      "category_name": "resources",
      "category_name_cn": "素材资源",
      "site_name": "矢量Logo下载",
      "description": "超赞！知名Logo矢量资源下载",
      "icon": "https://image.uisdc.com/wp-content/uploads/2018/08/sdcnav-sc-5.png",
      "href": "https://worldvectorlogo.com/"
    },
    {
      "site_id": "1091",
      "category_id": "109",
      "category_name": "fontDesign",
      "category_name_cn": "字体设计",
      "site_name": "免费商用字体",
      "description": "超全！免费可商用中文+英文字体，含应用场景",
      "icon": "https://image.uisdc.com/wp-content/uploads/2018/08/sdcnav-10-1.png",
      "href": "https://uiiiuiii.com/tool/typeface"
    },
    {
      "site_id": "1092",
      "category_id": "109",
      "category_name": "fontDesign",
      "category_name_cn": "字体设计",
      "site_name": "DaFont",
      "description": "国际知名站点！提供大量的免费英文字体下载",
      "icon": "https://image.uisdc.com/wp-content/uploads/2020/08/sdcnav-font-28.png",
      "href": "https://www.dafont.com/"
    },
    {
      "site_id": "1093",
      "category_id": "109",
      "category_name": "fontDesign",
      "category_name_cn": "字体设计",
      "site_name": "字体家",
      "description": "万款字体免费下载！专业提供正版授权字体下载",
      "icon": "https://image.uisdc.com/wp-content/uploads/2022/02/sdcnav-font-ztj.png",
      "href": "https://www.zitijia.com/"
    },
    {
      "site_id": "1094",
      "category_id": "109",
      "category_name": "fontDesign",
      "category_name_cn": "字体设计",
      "site_name": "字由",
      "description": "设计师必备字体利器，国内外上千款精选字体",
      "icon": "https://image.uisdc.com/wp-content/uploads/2018/08/sdcnav-10-4.png",
      "href": "https://www.hellofont.cn/"
    },
    {
      "site_id": "1095",
      "category_id": "109",
      "category_name": "fontDesign",
      "category_name_cn": "字体设计",
      "site_name": "字体宇宙",
      "description": "超过6万免费字体下载，网站体验不错",
      "icon": "https://image.uisdc.com/wp-content/uploads/2020/08/sdcnav-font-85.png",
      "href": "https://www.fontspace.com/"
    },
    {
      "site_id": "1096",
      "category_id": "109",
      "category_name": "fontDesign",
      "category_name_cn": "字体设计",
      "site_name": "Font Fabric",
      "description": "免费高品质字体打包下载",
      "icon": "https://image.uisdc.com/wp-content/uploads/2018/08/sdcnav-10-6.png",
      "href": "https://www.fontfabric.com/"
    },
    {
      "site_id": "1097",
      "category_id": "109",
      "category_name": "fontDesign",
      "category_name_cn": "字体设计",
      "site_name": "求字体",
      "description": "找字体神器，并提供中文和英文字体库下载",
      "icon": "https://image.uisdc.com/wp-content/uploads/2018/08/sdcnav-10-7.png",
      "href": "https://www.qiuziti.com/"
    },
    {
      "site_id": "1098",
      "category_id": "109",
      "category_name": "fontDesign",
      "category_name_cn": "字体设计",
      "site_name": "字体天下",
      "description": "推荐！超过3万个中英文字体免费下载",
      "icon": "https://image.uisdc.com/wp-content/uploads/2019/02/2019-nav-fontcn.png",
      "href": "https://www.fonts.net.cn/"
    },
    {
      "site_id": "1099",
      "category_id": "109",
      "category_name": "fontDesign",
      "category_name_cn": "字体设计",
      "site_name": "云字库",
      "description": "最适合中小型设计团队的字体商用解决方案",
      "icon": "https://image.uisdc.com/wp-content/uploads/2018/08/sdcnav-10-3.png",
      "href": "https://www.yestone.com/fonts/?ref=768164"
    },
    {
      "site_id": "1100",
      "category_id": "109",
      "category_name": "fontDesign",
      "category_name_cn": "字体设计",
      "site_name": "字体传奇",
      "description": "字体品牌设计师交流网，字体相关的教程、讲座等",
      "icon": "https://image.uisdc.com/wp-content/uploads/2018/08/sdcnav-10-10.png",
      "href": "http://www.ziticq.com/"
    },
    {
      "site_id": "1101",
      "category_id": "109",
      "category_name": "fontDesign",
      "category_name_cn": "字体设计",
      "site_name": "Lost Type",
      "description": "推荐！字体都非常漂亮，展示方式悦目清新",
      "icon": "https://image.uisdc.com/wp-content/uploads/2018/08/sdcnav-10-11.png",
      "href": "http://www.losttype.com/browse/"
    },
    {
      "site_id": "1102",
      "category_id": "109",
      "category_name": "fontDesign",
      "category_name_cn": "字体设计",
      "site_name": "字体松鼠",
      "description": "100%免费下载可商用！专为设计师精心挑选",
      "icon": "https://image.uisdc.com/wp-content/uploads/2018/08/sdcnav-10-12.png",
      "href": "https://www.fontsquirrel.com/"
    },
    {
      "site_id": "1103",
      "category_id": "110",
      "category_name": "template",
      "category_name_cn": "酷站模版",
      "site_name": "Awwwards",
      "description": "精挑细选世界各地的最佳网站！并对其打分颁奖",
      "icon": "https://image.uisdc.com/wp-content/uploads/2018/08/sdcnav-7-1.png",
      "href": "https://www.awwwards.com/"
    },
    {
      "site_id": "1104",
      "category_id": "110",
      "category_name": "template",
      "category_name_cn": "酷站模版",
      "site_name": "日本 4db",
      "description": "推荐！搜集日本各行各业、各地区的优秀网站",
      "icon": "https://image.uisdc.com/wp-content/uploads/2018/08/sdcnav-7-3.png",
      "href": "http://4db.cc/"
    },
    {
      "site_id": "1105",
      "category_id": "110",
      "category_name": "template",
      "category_name_cn": "酷站模版",
      "site_name": "网页模版巨人",
      "description": "著名的网页模版库，借鉴和学习网页趋势的宝地",
      "icon": "https://image.uisdc.com/wp-content/uploads/2018/08/sdcnav-6-1.png",
      "href": "https://www.templatemonster.com/cn/"
    },
    {
      "site_id": "1106",
      "category_id": "110",
      "category_name": "template",
      "category_name_cn": "酷站模版",
      "site_name": "酷站剪报",
      "description": "强烈推荐！用心收集日本酷站，右侧二级栏目非常棒",
      "icon": "https://image.uisdc.com/wp-content/uploads/2018/08/sdcnav-7-8.png",
      "href": "https://www.webdesignclip.com/"
    },
    {
      "site_id": "1107",
      "category_id": "110",
      "category_name": "template",
      "category_name_cn": "酷站模版",
      "site_name": "迷你网站模版分享",
      "description": "推荐！提供海量单页模版展示和素材资源的网站",
      "icon": "https://image.uisdc.com/wp-content/uploads/2018/08/sdcnav-6-2.png",
      "href": "https://onepagelove.com/"
    },
    {
      "site_id": "1108",
      "category_id": "110",
      "category_name": "template",
      "category_name_cn": "酷站模版",
      "site_name": "梦幻模板",
      "description": "超过7000个梦幻般的网站模板及Flash模板下载",
      "icon": "https://image.uisdc.com/wp-content/uploads/2018/08/sdcnav-6-5.png",
      "href": "http://www.dreamtemplate.com/"
    },
    {
      "site_id": "1109",
      "category_id": "110",
      "category_name": "template",
      "category_name_cn": "酷站模版",
      "site_name": "优质登录页模版网",
      "description": "推荐！整合了各个行业的网站登录页面模版资源",
      "icon": "https://image.uisdc.com/wp-content/uploads/2022/07/nav-web-2022.png",
      "href": "https://www.landingfolio.com/"
    },
    {
      "site_id": "1110",
      "category_id": "110",
      "category_name": "template",
      "category_name_cn": "酷站模版",
      "site_name": "享誉全球的 WIX",
      "description": "超赞！该站全球排名378！可以帮你免费定制网站",
      "icon": "https://image.uisdc.com/wp-content/uploads/2018/08/sdcnav-6-7.png",
      "href": "https://www.wix.com/"
    },
    {
      "site_id": "1111",
      "category_id": "110",
      "category_name": "template",
      "category_name_cn": "酷站模版",
      "site_name": "网页设计画廊",
      "description": "精选了富有创意的网页设计作品",
      "icon": "https://image.uisdc.com/wp-content/uploads/2022/07/nav-io3000-2022.png",
      "href": "https://io3000.com/"
    },
    {
      "site_id": "1112",
      "category_id": "110",
      "category_name": "template",
      "category_name_cn": "酷站模版",
      "site_name": "日本酷站索引",
      "description": "近6000个！av大合集也没这么全，酷站集合",
      "icon": "https://image.uisdc.com/wp-content/uploads/2018/08/sdcnav-7-12.png",
      "href": "http://bm.straightline.jp/"
    },
    {
      "site_id": "1113",
      "category_id": "111",
      "category_name": "colourScheme",
      "category_name_cn": "配色方案",
      "site_name": "The FWA",
      "description": "强烈推荐！超高水准的互动网站设计案例",
      "icon": "https://image.uisdc.com/wp-content/uploads/2018/08/sdcnav-7-fwa.png",
      "href": "https://thefwa.com/"
    },
    {
      "site_id": "1114",
      "category_id": "111",
      "category_name": "colourScheme",
      "category_name_cn": "配色方案",
      "site_name": "81 web",
      "description": "推荐！日本优秀出色的站点大集合",
      "icon": "https://image.uisdc.com/wp-content/uploads/2018/08/sdcnav-7-9.png",
      "href": "https://81-web.com/"
    },
    {
      "site_id": "1115",
      "category_id": "111",
      "category_name": "colourScheme",
      "category_name_cn": "配色方案",
      "site_name": "Adobe Color",
      "description": "网页设计师配色的最佳之选",
      "icon": "https://image.uisdc.com/wp-content/uploads/2018/08/sdcnav-5-1.png",
      "href": "https://color.adobe.com/zh/"
    },
    {
      "site_id": "1116",
      "category_id": "111",
      "category_name": "colourScheme",
      "category_name_cn": "配色方案",
      "site_name": "COLOURlovers",
      "description": "交流颜色、色彩趋势和配色方案的超人气社区",
      "icon": "https://image.uisdc.com/wp-content/uploads/2018/08/sdcnav-5-2.png",
      "href": "https://www.colourlovers.com/"
    },
    {
      "site_id": "1117",
      "category_id": "111",
      "category_name": "colourScheme",
      "category_name_cn": "配色方案",
      "site_name": "Coolors",
      "description": "实用！成千上万的配色方案",
      "icon": "https://image.uisdc.com/wp-content/uploads/2018/08/sdcnav-5-3.png",
      "href": "https://coolors.co/browser/latest/1"
    },
    {
      "site_id": "1118",
      "category_id": "111",
      "category_name": "colourScheme",
      "category_name_cn": "配色方案",
      "site_name": "漂亮的渐变颜色",
      "description": "今年流行的渐变！点击屏幕两侧按钮可选更多色彩",
      "icon": "https://image.uisdc.com/wp-content/uploads/2018/08/sdcnav-5-4.png",
      "href": "https://uigradients.com/"
    },
    {
      "site_id": "1119",
      "category_id": "111",
      "category_name": "colourScheme",
      "category_name_cn": "配色方案",
      "site_name": "CssWinner网页色彩分类",
      "description": "CSS画廊，可根据右侧颜色块展现最流行的网页",
      "icon": "https://image.uisdc.com/wp-content/uploads/2018/08/sdcnav-5-5.png",
      "href": "https://www.csswinner.com/colorsearch/blue"
    },
    {
      "site_id": "1120",
      "category_id": "111",
      "category_name": "colourScheme",
      "category_name_cn": "配色方案",
      "site_name": "色彩猎人",
      "description": "每天收集并策划发布美丽的配色方案",
      "icon": "https://image.uisdc.com/wp-content/uploads/2018/08/sdcnav-5-6.png",
      "href": "https://colorhunt.co/"
    },
    {
      "site_id": "1121",
      "category_id": "111",
      "category_name": "colourScheme",
      "category_name_cn": "配色方案",
      "site_name": "中国色彩大辞典",
      "description": "中国/日本传统色彩命名，点击色彩可直接吸取色值",
      "icon": "https://image.uisdc.com/wp-content/uploads/2018/08/sdcnav-5-7.png",
      "href": "https://color.uisdc.com/"
    },
    {
      "site_id": "1122",
      "category_id": "111",
      "category_name": "colourScheme",
      "category_name_cn": "配色方案",
      "site_name": "配色导航",
      "description": "推荐！流行配色方案，可一键复制喜欢的颜色",
      "icon": "https://image.uisdc.com/wp-content/uploads/2018/08/sdcnav-5-8.png",
      "href": "https://color.uisdc.com/pick.html"
    },
    {
      "site_id": "1123",
      "category_id": "111",
      "category_name": "colourScheme",
      "category_name_cn": "配色方案",
      "site_name": "DopelyColors",
      "description": "一款实用的获取漂亮渐变方案的工具",
      "icon": "https://image.uisdc.com/wp-content/uploads/2021/08/nav-colors-dopely.png",
      "href": "https://colors.dopely.top/"
    },
    {
      "site_id": "1124",
      "category_id": "111",
      "category_name": "colourScheme",
      "category_name_cn": "配色方案",
      "site_name": "MaterialUI",
      "description": "推荐！帮助设计师们快速选到自己喜爱的配色方案",
      "icon": "https://image.uisdc.com/wp-content/uploads/2018/08/sdcnav-5-10.png",
      "href": "https://www.materialui.co/"
    },
    {
      "site_id": "1125",
      "category_id": "111",
      "category_name": "colourScheme",
      "category_name_cn": "配色方案",
      "site_name": "ColorDrop",
      "description": "让寻找配色方案成为信手拈来的事情",
      "icon": "https://image.uisdc.com/wp-content/uploads/2018/08/sdcnav-5-11.png",
      "href": "https://colordrop.io/"
    },
    {
      "site_id": "1126",
      "category_id": "111",
      "category_name": "colourScheme",
      "category_name_cn": "配色方案",
      "site_name": "Fashion Trendsetter",
      "description": "帮你关注每年最流行的颜色搭配",
      "icon": "https://image.uisdc.com/wp-content/uploads/2018/08/sdcnav-5-12.png",
      "href": "https://www.fashiontrendsetter.com/"
    },
    {
      "site_id": "1127",
      "category_id": "112",
      "category_name": "anime",
      "category_name_cn": "二次元",
      "site_name": "B站",
      "description": "国内知名视频弹幕网站，有最及时的动漫新番",
      "icon": "https://image.uisdc.com/wp-content/uploads/2018/08/sdcnav-15-8.png",
      "href": "https://www.bilibili.com/"
    },
    {
      "site_id": "1128",
      "category_id": "112",
      "category_name": "anime",
      "category_name_cn": "二次元",
      "site_name": "A站",
      "description": "AcFun作为弹幕视频网站，国内二次元文化的开创者",
      "icon": "https://image.uisdc.com/wp-content/uploads/2018/08/sdcnav-15-6.png",
      "href": "https://www.acfun.cn/"
    },
    {
      "site_id": "1129",
      "category_id": "112",
      "category_name": "anime",
      "category_name_cn": "二次元",
      "site_name": "半次元",
      "description": "ACG爱好者社区",
      "icon": "https://image.uisdc.com/wp-content/uploads/2020/01/nav2020-bcy.png",
      "href": "https://bcy.net/"
    },
    {
      "site_id": "1130",
      "category_id": "112",
      "category_name": "anime",
      "category_name_cn": "二次元",
      "site_name": "腾讯动漫",
      "description": "中国最大最权威的正版动漫网站",
      "icon": "https://image.uisdc.com/wp-content/uploads/2019/01/sdcnav-15-32.png",
      "href": "https://ac.qq.com/"
    },
    {
      "site_id": "1131",
      "category_id": "112",
      "category_name": "anime",
      "category_name_cn": "二次元",
      "site_name": "动漫之家",
      "description": "国内最全最专业的在线漫画",
      "icon": "https://image.uisdc.com/wp-content/uploads/2020/01/nav2020-dmzj.png",
      "href": "https://www.dmzj.com/"
    },
    {
      "site_id": "1132",
      "category_id": "112",
      "category_name": "anime",
      "category_name_cn": "二次元",
      "site_name": "萌娘百科",
      "description": "万物皆可萌的百科全书",
      "icon": "https://image.uisdc.com/wp-content/uploads/2020/01/nav2020-meng.png",
      "href": "https://zh.moegirl.org/Mainpage"
    },
    {
      "site_id": "1133",
      "category_id": "112",
      "category_name": "anime",
      "category_name_cn": "二次元",
      "site_name": "有妖气",
      "description": "中国唯一且最大的纯原创漫画网站",
      "icon": "https://image.uisdc.com/wp-content/uploads/2020/01/nav2020-yyq.png",
      "href": "https://www.u17.com/"
    },
    {
      "site_id": "1134",
      "category_id": "112",
      "category_name": "anime",
      "category_name_cn": "二次元",
      "site_name": "不可能的世界",
      "description": "中国最大的二次元小说平台",
      "icon": "https://image.uisdc.com/wp-content/uploads/2020/01/nav2020-bkn.png",
      "href": "https://www.8kana.com/"
    },
    {
      "site_id": "1135",
      "category_id": "112",
      "category_name": "anime",
      "category_name_cn": "二次元",
      "site_name": "斗鱼",
      "description": "知名弹幕式直播平台",
      "icon": "https://image.uisdc.com/wp-content/uploads/2020/01/nav2020-douyu.png",
      "href": "https://www.douyu.com/"
    },
    {
      "site_id": "1136",
      "category_id": "112",
      "category_name": "anime",
      "category_name_cn": "二次元",
      "site_name": "虎牙",
      "description": "弹幕式互动直播平台",
      "icon": "https://image.uisdc.com/wp-content/uploads/2020/01/nav2020-huya.png",
      "href": "https://www.huya.com/"
    },
    {
      "site_id": "1137",
      "category_id": "112",
      "category_name": "anime",
      "category_name_cn": "二次元",
      "site_name": "Steam",
      "description": "全球综合性数字游戏社交平台，请勿沉迷",
      "icon": "https://image.uisdc.com/wp-content/uploads/2020/01/nav2020-steam.png",
      "href": "https://store.steampowered.com/"
    },
    {
      "site_id": "1138",
      "category_id": "112",
      "category_name": "anime",
      "category_name_cn": "二次元",
      "site_name": "P站",
      "description": "需爬梯！全球知名的插画作品分享站",
      "icon": "https://image.uisdc.com/wp-content/uploads/2020/01/nav2020-pixiv.png",
      "href": "https://www.pixiv.net/"
    },
    {
      "site_id": "1139",
      "category_id": "113",
      "category_name": "photo",
      "category_name_cn": "摄影美图",
      "site_name": "BURST",
      "description": "知名Shopify旗下摄影图库！每周更新优质照片素材",
      "icon": "https://image.uisdc.com/wp-content/uploads/2022/02/sdcnav-12-burst.png",
      "href": "https://burst.shopify.com/"
    },
    {
      "site_id": "1140",
      "category_id": "113",
      "category_name": "photo",
      "category_name_cn": "摄影美图",
      "site_name": "POCO摄影图片社区",
      "description": "领先的时尚摄影平台，分享作品和技巧首选",
      "icon": "https://image.uisdc.com/wp-content/uploads/2020/02/poco-nav-2020.png",
      "href": "https://www.poco.cn/"
    },
    {
      "site_id": "1141",
      "category_id": "113",
      "category_name": "photo",
      "category_name_cn": "摄影美图",
      "site_name": "新浪图片",
      "description": "有温度的视觉，摄影师成长平台，影像记录中国",
      "icon": "https://image.uisdc.com/wp-content/uploads/2018/08/sdcnav-14-3.png",
      "href": "http://photo.sina.com.cn/"
    },
    {
      "site_id": "1142",
      "category_id": "113",
      "category_name": "photo",
      "category_name_cn": "摄影美图",
      "site_name": "蜂鸟网",
      "description": "摄影爱好者分享摄影技巧和作品的中国影像门户",
      "icon": "https://image.uisdc.com/wp-content/uploads/2018/08/sdcnav-14-4.png",
      "href": "https://www.fengniao.com/"
    },
    {
      "site_id": "1143",
      "category_id": "113",
      "category_name": "photo",
      "category_name_cn": "摄影美图",
      "site_name": "中国国家地理网",
      "description": "最专业的深度旅游体验平台，最具特色的互动社区",
      "icon": "https://image.uisdc.com/wp-content/uploads/2018/08/sdcnav-14-5.png",
      "href": "http://www.dili360.com/"
    },
    {
      "site_id": "1144",
      "category_id": "113",
      "category_name": "photo",
      "category_name_cn": "摄影美图",
      "site_name": "时尚网",
      "description": "美图看不完！高端时尚白领生活专属领地",
      "icon": "https://image.uisdc.com/wp-content/uploads/2018/08/sdcnav-14-6.png",
      "href": "http://www.trends.com.cn/"
    },
    {
      "site_id": "1145",
      "category_id": "113",
      "category_name": "photo",
      "category_name_cn": "摄影美图",
      "site_name": "图虫网",
      "description": "图虫网，中国最专业的web2.0摄影社区",
      "icon": "https://image.uisdc.com/wp-content/uploads/2018/08/sdcnav-14-10.png",
      "href": "https://tuchong.com/"
    },
    {
      "site_id": "1146",
      "category_id": "113",
      "category_name": "photo",
      "category_name_cn": "摄影美图",
      "site_name": "Style-Arena",
      "description": "日本街拍帅哥美女一览无余！东京街头时尚网",
      "icon": "https://image.uisdc.com/wp-content/uploads/2018/08/sdcnav-14-8.png",
      "href": "https://www.style-arena.jp/ch/"
    },
    {
      "site_id": "1147",
      "category_id": "113",
      "category_name": "photo",
      "category_name_cn": "摄影美图",
      "site_name": "Chiphell",
      "description": "专业的发烧友社区，里面的摄影专区也不错",
      "icon": "https://image.uisdc.com/wp-content/uploads/2021/01/sdcnav-chiphell.png",
      "href": "https://www.chiphell.com/portal.php?mod=list&catid=3"
    },
    {
      "site_id": "1148",
      "category_id": "113",
      "category_name": "photo",
      "category_name_cn": "摄影美图",
      "site_name": "网易图片",
      "description": "网易新闻中心图片频道，24小时热图实时推送",
      "icon": "https://image.uisdc.com/wp-content/uploads/2018/08/sdcnav-14-7.png",
      "href": "http://news.163.com/photo"
    },
    {
      "site_id": "1149",
      "category_id": "113",
      "category_name": "photo",
      "category_name_cn": "摄影美图",
      "site_name": "Photography Served",
      "description": "全球顶尖创意平台Behance旗下的摄影服务栏目",
      "icon": "https://image.uisdc.com/wp-content/uploads/2018/08/sdcnav-14-11.png",
      "href": "https://www.behance.net/galleries/Photography"
    },
    {
      "site_id": "1150",
      "category_id": "113",
      "category_name": "photo",
      "category_name_cn": "摄影美图",
      "site_name": "无忌视界",
      "description": "国内外优秀摄影师的线上展览平台，开阔眼界",
      "icon": "https://image.uisdc.com/wp-content/uploads/2018/08/sdcnav-14-12.png",
      "href": "https://vision.xitek.com/sight/"
    },
    {
      "site_id": "1151",
      "category_id": "114",
      "category_name": "insight",
      "category_name_cn": "行业视野",
      "site_name": "腾讯CDC",
      "description": "腾讯用户研究与体验设计中心，腾讯的核心部门之一",
      "icon": "https://image.uisdc.com/wp-content/uploads/2018/08/sdcnav-11-1-1.png",
      "href": "https://cdc.tencent.com/"
    },
    {
      "site_id": "1152",
      "category_id": "114",
      "category_name": "insight",
      "category_name_cn": "行业视野",
      "site_name": "虎嗅网",
      "description": "一个有视角的、个性化商业资讯与交流平台",
      "icon": "https://image.uisdc.com/wp-content/uploads/2018/08/sdcnav-16-2-1.png",
      "href": "https://www.huxiu.com/"
    },
    {
      "site_id": "1153",
      "category_id": "114",
      "category_name": "insight",
      "category_name_cn": "行业视野",
      "site_name": "36氪",
      "description": "互联网领先新商业媒体，让一部分人先看到未来",
      "icon": "https://image.uisdc.com/wp-content/uploads/2018/08/sdcnav-16-3-1.png",
      "href": "https://36kr.com/"
    },
    {
      "site_id": "1154",
      "category_id": "114",
      "category_name": "insight",
      "category_name_cn": "行业视野",
      "site_name": "W3C官网",
      "description": "这是互联网的基础，推荐及时了解前端最新资讯",
      "icon": "https://image.uisdc.com/wp-content/uploads/2018/08/sdcnav-w3c-1.png",
      "href": "https://www.w3.org/"
    },
    {
      "site_id": "1155",
      "category_id": "114",
      "category_name": "insight",
      "category_name_cn": "行业视野",
      "site_name": "极客公园",
      "description": "报道互联网热门趋势、热点产品的深度分析",
      "icon": "https://image.uisdc.com/wp-content/uploads/2018/08/sdcnav-16-5-1.png",
      "href": "http://www.geekpark.net/"
    },
    {
      "site_id": "1156",
      "category_id": "114",
      "category_name": "insight",
      "category_name_cn": "行业视野",
      "site_name": "爱范儿",
      "description": "发现创新价值的科技媒体，全景关注移动互联网",
      "icon": "https://image.uisdc.com/wp-content/uploads/2018/08/sdcnav-16-6-1.png",
      "href": "https://www.ifanr.com/"
    },
    {
      "site_id": "1157",
      "category_id": "114",
      "category_name": "insight",
      "category_name_cn": "行业视野",
      "site_name": "优设读报",
      "description": "极具影响力的设计师新闻频道，行业资讯一站知晓",
      "icon": "https://image.uisdc.com/wp-content/uploads/2018/08/sdcnav-16-7-1.png",
      "href": "https://www.uisdc.com/news"
    },
    {
      "site_id": "1158",
      "category_id": "114",
      "category_name": "insight",
      "category_name_cn": "行业视野",
      "site_name": "cnBeta中文IT资讯站",
      "description": "提供最新最快的IT业界资讯",
      "icon": "https://image.uisdc.com/wp-content/uploads/2018/08/sdcnav-16-8-1.png",
      "href": "https://www.cnbeta.com/"
    },
    {
      "site_id": "1159",
      "category_id": "114",
      "category_name": "insight",
      "category_name_cn": "行业视野",
      "site_name": "雷锋网",
      "description": "专注于移动互联网创业及创新的人气科技博客",
      "icon": "https://image.uisdc.com/wp-content/uploads/2018/08/sdcnav-16-9-1.png",
      "href": "https://www.leiphone.com/"
    },
    {
      "site_id": "1160",
      "category_id": "114",
      "category_name": "insight",
      "category_name_cn": "行业视野",
      "site_name": "网易科技",
      "description": "有态度！以独特视角呈现科技圈内大事小事",
      "icon": "https://image.uisdc.com/wp-content/uploads/2018/08/sdcnav-16-10-1.png",
      "href": "https://tech.163.com/"
    },
    {
      "site_id": "1161",
      "category_id": "114",
      "category_name": "insight",
      "category_name_cn": "行业视野",
      "site_name": "牛华网",
      "description": "华军软件园旗下网站，第一时间提供最具价值IT资讯",
      "icon": "https://image.uisdc.com/wp-content/uploads/2018/08/sdcnav-16-11-1.png",
      "href": "http://www.newhua.com/"
    },
    {
      "site_id": "1162",
      "category_id": "114",
      "category_name": "insight",
      "category_name_cn": "行业视野",
      "site_name": "DoNews",
      "description": "中国互联网从业人士交流最权威的平台",
      "icon": "https://image.uisdc.com/wp-content/uploads/2018/08/sdcnav-16-12.png",
      "href": "https://www.donews.com/"
    },
    {
      "site_id": "1163",
      "category_id": "115",
      "category_name": "viedo",
      "category_name_cn": "短视频",
      "site_name": "剪映",
      "description": "强悍的手机短视频制作神器！由抖音官方推出",
      "icon": "https://image.uisdc.com/wp-content/uploads/2020/07/sdcnav-ulikecam.png",
      "href": "https://lv.ulikecam.com/"
    },
    {
      "site_id": "1164",
      "category_id": "115",
      "category_name": "viedo",
      "category_name_cn": "短视频",
      "site_name": "万兴喵影",
      "description": "好用易上手的国产剪辑神器，功能强大",
      "icon": "https://image.uisdc.com/wp-content/uploads/2020/07/sdcnav-wondershare.png",
      "href": "https://miao.wondershare.cn/"
    },
    {
      "site_id": "1165",
      "category_id": "115",
      "category_name": "viedo",
      "category_name_cn": "短视频",
      "site_name": "蝉妈妈",
      "description": "推荐！为短视频内容创作团队提供竞品分析和爆款研究",
      "icon": "https://image.uisdc.com/wp-content/uploads/2020/07/sdcnav-chanmama.png",
      "href": "https://www.chanmama.com/"
    },
    {
      "site_id": "1166",
      "category_id": "115",
      "category_name": "viedo",
      "category_name_cn": "短视频",
      "site_name": "西瓜视频",
      "description": "字节跳动旗下视频平台！给你新鲜好看",
      "icon": "https://image.uisdc.com/wp-content/uploads/2020/07/sdcnav-ixigua.png",
      "href": "https://www.ixigua.com/"
    },
    {
      "site_id": "1167",
      "category_id": "115",
      "category_name": "viedo",
      "category_name_cn": "短视频",
      "site_name": "小红书",
      "description": "标记生活，一起分享和发现世界的精彩",
      "icon": "https://image.uisdc.com/wp-content/uploads/2020/07/sdcnav-xiaohongshu.png",
      "href": "https://www.xiaohongshu.com/"
    },
    {
      "site_id": "1168",
      "category_id": "115",
      "category_name": "viedo",
      "category_name_cn": "短视频",
      "site_name": "Videezy",
      "description": "推荐！提供大量免费高画质HD、4K影片素材",
      "icon": "https://image.uisdc.com/wp-content/uploads/2020/07/sdcnav-videezy.png",
      "href": "https://www.videezy.com/"
    },
    {
      "site_id": "1169",
      "category_id": "115",
      "category_name": "viedo",
      "category_name_cn": "短视频",
      "site_name": "Jamendo Music",
      "description": "质量很高的免费音乐素材下载平台",
      "icon": "https://image.uisdc.com/wp-content/uploads/2020/07/sdcnav-jamendo.png",
      "href": "https://www.jamendo.com/start"
    },
    {
      "site_id": "1170",
      "category_id": "115",
      "category_name": "viedo",
      "category_name_cn": "短视频",
      "site_name": "Bensound",
      "description": "独特有质感的免费背景音乐素材站点",
      "icon": "https://image.uisdc.com/wp-content/uploads/2020/07/sdcnav-bensound.png",
      "href": "https://www.bensound.com/"
    },
    {
      "site_id": "1171",
      "category_id": "115",
      "category_name": "viedo",
      "category_name_cn": "短视频",
      "site_name": "TooBigData",
      "description": "短视频网红排行，KOL一网打尽",
      "icon": "https://image.uisdc.com/wp-content/uploads/2020/07/sdcnav-toobigdata.png",
      "href": "https://toobigdata.com/"
    },
    {
      "site_id": "1172",
      "category_id": "115",
      "category_name": "viedo",
      "category_name_cn": "短视频",
      "site_name": "PremiumBeat",
      "description": "创意人士的短视频配乐佳选，有可商用音乐库",
      "icon": "https://image.uisdc.com/wp-content/uploads/2020/07/sdcnav-premiumbeat.png",
      "href": "https://www.premiumbeat.com/zh/"
    },
    {
      "site_id": "1173",
      "category_id": "115",
      "category_name": "viedo",
      "category_name_cn": "短视频",
      "site_name": "抖音",
      "description": "音乐创意短视频社交软件，记录美好生活",
      "icon": "https://image.uisdc.com/wp-content/uploads/2020/07/sdcnav-douyin.png",
      "href": "https://www.douyin.com/"
    },
    {
      "site_id": "1174",
      "category_id": "115",
      "category_name": "viedo",
      "category_name_cn": "短视频",
      "site_name": "快手",
      "description": "国民短视频社区，记录世界记录你",
      "icon": "https://image.uisdc.com/wp-content/uploads/2020/07/sdcnav-kuaishou.png",
      "href": "https://www.kuaishou.com/"
    },
    {
      "site_id": "1175",
      "category_id": "116",
      "category_name": "designTraining",
      "category_name_cn": "设计培训",
      "site_name": "优设大课堂",
      "description": "零基础课程，设计师涨薪就业职场直达",
      "icon": "https://image.uisdc.com/wp-content/uploads/2018/08/sdcnav-px-1.png",
      "href": "https://xue.uisdc.com/?c=train"
    },
    {
      "site_id": "1176",
      "category_id": "116",
      "category_name": "designTraining",
      "category_name_cn": "设计培训",
      "site_name": "推荐！态爷手绘提高课",
      "description": "央视合作画师，绝无仅有的手绘课程",
      "icon": "https://image.uisdc.com/wp-content/uploads/2018/08/sdcnav-px-3.png",
      "href": "https://xue.uisdc.com/detail?id=5f365ff7dbd5ea3cf97cee73"
    },
    {
      "site_id": "1177",
      "category_id": "116",
      "category_name": "designTraining",
      "category_name_cn": "设计培训",
      "site_name": "优设平面设计实战营",
      "description": "高薪第1步！大家都在学的平面设计必修课",
      "icon": "https://image.uisdc.com/wp-content/uploads/2022/05/sdcnav-pm-9.png",
      "href": "https://uiiiuiii.com/other/1212116139.html"
    },
    {
      "site_id": "1178",
      "category_id": "116",
      "category_name": "designTraining",
      "category_name_cn": "设计培训",
      "site_name": "零基础手绘就业班",
      "description": "超人气课程！设计师必备基础课，从入门到专业",
      "icon": "https://image.uisdc.com/wp-content/uploads/2018/08/sdcnav-px-3.png",
      "href": "https://xue.uisdc.com/detail?id=5d133b69d8071825ebce60c5&c=train-2"
    },
    {
      "site_id": "1179",
      "category_id": "116",
      "category_name": "designTraining",
      "category_name_cn": "设计培训",
      "site_name": "优设自学好课",
      "description": "每周更新！好课风向标，学什么看这里",
      "icon": "https://image.uisdc.com/wp-content/uploads/2018/08/sdcnav-px-5.png",
      "href": "https://pro.uisdc.com/"
    },
    {
      "site_id": "1180",
      "category_id": "116",
      "category_name": "designTraining",
      "category_name_cn": "设计培训",
      "site_name": "青爵版式设计全能班",
      "description": "爆款课程！站酷600W超人气青爵直播授课",
      "icon": "https://image.uisdc.com/wp-content/uploads/2020/02/dkt-uisdc-200209.png",
      "href": "https://xue.uisdc.com/detail?id=5dcc1b4cddb4671468955397"
    },
    {
      "site_id": "1181",
      "category_id": "116",
      "category_name": "designTraining",
      "category_name_cn": "设计培训",
      "site_name": "零基础UI设计就业班",
      "description": "优设官方培训课程，从基础到专业特训班",
      "icon": "https://image.uisdc.com/wp-content/uploads/2018/08/sdcnav-px-9.png",
      "href": "https://xue.uisdc.com/detail?id=5cb6ff4c0f29d0571d4fb7e4&c=train-7"
    },
    {
      "site_id": "1182",
      "category_id": "116",
      "category_name": "designTraining",
      "category_name_cn": "设计培训",
      "site_name": "零基础C4D特训营",
      "description": "升职加薪筹码，让晋升之路畅通无阻",
      "icon": "https://image.uisdc.com/wp-content/uploads/2018/08/sdcnav-px-8.png",
      "href": "https://xue.uisdc.com/detail?id=5d133ad1d8071825ebce60c1&c=train-6"
    },
    {
      "site_id": "1183",
      "category_id": "116",
      "category_name": "designTraining",
      "category_name_cn": "设计培训",
      "site_name": "设计师就业衔接班",
      "description": "60天从PS、AI、AE入门到设计入行！把握就业薪风向",
      "icon": "https://image.uisdc.com/wp-content/uploads/2022/05/sdcnav-xj-92.png",
      "href": "https://uiiiuiii.com/other/1212116455.html"
    },
    {
      "site_id": "1184",
      "category_id": "116",
      "category_name": "designTraining",
      "category_name_cn": "设计培训",
      "site_name": "优设手绘就业衔接班",
      "description": "6000人都选择的手绘课，助力升职加薪",
      "icon": "https://image.uisdc.com/wp-content/uploads/2018/08/sdcnav-px-3.png",
      "href": "https://uiiiuiii.com/other/1212113189.html"
    },
    {
      "site_id": "1185",
      "category_id": "116",
      "category_name": "designTraining",
      "category_name_cn": "设计培训",
      "site_name": "动效设计特训营",
      "description": "火热报名！优设官方开展的动效设计视觉培训课程",
      "icon": "https://image.uisdc.com/wp-content/uploads/2018/08/sdcnav-px-10.png",
      "href": "https://xue.uisdc.com/detail?id=5cc55404bdc6da1b2b9c932e&c=train-8"
    },
    {
      "site_id": "1186",
      "category_id": "116",
      "category_name": "designTraining",
      "category_name_cn": "设计培训",
      "site_name": "小光的手绘课堂",
      "description": "超人气课程！名师授课，商业手绘必学课程",
      "icon": "https://image.uisdc.com/wp-content/uploads/2018/08/sdcnav-px-12.png",
      "href": "https://xue.uisdc.com/detail?id=5cb700d30f29d0571d4fb7ea&c=train-5"
    },
    {
      "site_id": "1187",
      "category_id": "117",
      "category_name": "frontend",
      "category_name_cn": "前端开发",
      "site_name": "w3school在线教程",
      "description": "必备！全球最大的中文Web技术教程",
      "icon": "https://image.uisdc.com/wp-content/uploads/2018/08/sdcnav-16-4-1.png",
      "href": "https://www.w3school.com.cn/"
    },
    {
      "site_id": "1188",
      "category_id": "117",
      "category_name": "frontend",
      "category_name_cn": "前端开发",
      "site_name": "凹凸实验室",
      "description": "推荐！沉淀与分享前端开发、页面制作技巧",
      "icon": "https://image.uisdc.com/wp-content/uploads/2018/08/sdcnav-13-4.png",
      "href": "https://aotu.io/"
    },
    {
      "site_id": "1189",
      "category_id": "117",
      "category_name": "frontend",
      "category_name_cn": "前端开发",
      "site_name": "代码笔",
      "description": "超赞！面向前端设计人员的圣地",
      "icon": "https://image.uisdc.com/wp-content/uploads/2018/08/sdcnav-13-2.png",
      "href": "https://codepen.io/"
    },
    {
      "site_id": "1190",
      "category_id": "117",
      "category_name": "frontend",
      "category_name_cn": "前端开发",
      "site_name": "w3ctech",
      "description": "推荐！中国最大的前端技术社区",
      "icon": "https://image.uisdc.com/wp-content/uploads/2018/09/2018-w3ctech-0906.png",
      "href": "https://www.w3ctech.com/"
    },
    {
      "site_id": "1191",
      "category_id": "117",
      "category_name": "frontend",
      "category_name_cn": "前端开发",
      "site_name": "4分钟网页",
      "description": "经典教学案例！教你4分钟变戏法式制作一个网页",
      "icon": "https://image.uisdc.com/wp-content/uploads/2018/08/sdcnav-13-10.png",
      "href": "https://hao.uisdc.com/cssmagic/"
    },
    {
      "site_id": "1192",
      "category_id": "117",
      "category_name": "frontend",
      "category_name_cn": "前端开发",
      "site_name": "Bootstrap中文网",
      "description": "简洁、直观、强悍的响应式前端开发框架",
      "icon": "https://image.uisdc.com/wp-content/uploads/2018/08/sdcnav-b-12.png",
      "href": "https://www.bootcss.com/"
    },
    {
      "site_id": "1193",
      "category_id": "118",
      "category_name": "InteriorDesign",
      "category_name_cn": "室内设计",
      "site_name": "Houzz",
      "description": "全球最著名的装修和室内设计平台",
      "icon": "https://image.uisdc.com/wp-content/uploads/2018/09/nav-architecture-1.png",
      "href": "https://www.houzz.com"
    },
    {
      "site_id": "1194",
      "category_id": "118",
      "category_name": "InteriorDesign",
      "category_name_cn": "室内设计",
      "site_name": "AD",
      "description": "AD在室内设计领域具有不可估量的影响力",
      "icon": "https://image.uisdc.com/wp-content/uploads/2018/09/nav-architecture-5.png",
      "href": "https://www.architecturaldigest.com/"
    },
    {
      "site_id": "1195",
      "category_id": "118",
      "category_name": "InteriorDesign",
      "category_name_cn": "室内设计",
      "site_name": "躺平设计家",
      "description": "国内一流的室内设计平台",
      "icon": "https://image.uisdc.com/wp-content/uploads/2018/09/nav-architecture-3.png",
      "href": "https://www.shejijia.com/"
    },
    {
      "site_id": "1196",
      "category_id": "118",
      "category_name": "InteriorDesign",
      "category_name_cn": "室内设计",
      "site_name": "美国家园频道",
      "description": "致力于家庭装修、园艺、手工艺和家庭改造方案",
      "icon": "https://image.uisdc.com/wp-content/uploads/2018/09/nav-architecture-2.png",
      "href": "https://www.hgtv.com/"
    },
    {
      "site_id": "1197",
      "category_id": "118",
      "category_name": "InteriorDesign",
      "category_name_cn": "室内设计",
      "site_name": "ArchDaily",
      "description": "世界最受欢迎的建筑网站",
      "icon": "https://image.uisdc.com/wp-content/uploads/2018/09/nav-architecture-6.png",
      "href": "https://www.archdaily.com"
    },
    {
      "site_id": "1198",
      "category_id": "118",
      "category_name": "InteriorDesign",
      "category_name_cn": "室内设计",
      "site_name": "设计牛奶",
      "description": "一本致力于现代设计的在线灵感杂志",
      "icon": "https://image.uisdc.com/wp-content/uploads/2018/09/nav-architecture-4.png",
      "href": "https://design-milk.com/"
    },
    {
      "site_id": "1199",
      "category_id": "119",
      "category_name": "designMedia",
      "category_name_cn": "设计媒体",
      "site_name": "优设",
      "description": "这是我们优设的官方品牌微博，强烈推荐",
      "icon": "https://image.uisdc.com/wp-content/uploads/2020/02/nav-yes-0209.png",
      "href": "https://weibo.com/uisdc2012"
    },
    {
      "site_id": "1200",
      "category_id": "119",
      "category_name": "designMedia",
      "category_name_cn": "设计媒体",
      "site_name": "优设基础训练营",
      "description": "每日推荐优质Ps Ai Ae教程，优优网官博",
      "icon": "https://image.uisdc.com/wp-content/uploads/2018/08/sdcnav-19-4.png",
      "href": "https://weibo.com/uisdcjichuying"
    },
    {
      "site_id": "1201",
      "category_id": "119",
      "category_name": "designMedia",
      "category_name_cn": "设计媒体",
      "site_name": "优优教程网",
      "description": "优设旗下网站，优优教程网官方微博",
      "icon": "https://image.uisdc.com/wp-content/uploads/2020/03/sdcnav-1-uu3.png",
      "href": "https://weibo.com/uiiiuiii"
    },
    {
      "site_id": "1202",
      "category_id": "119",
      "category_name": "designMedia",
      "category_name_cn": "设计媒体",
      "site_name": "设计师的百宝箱",
      "description": "精挑细选受设计师欢迎的网站，都是奇珍异宝",
      "icon": "https://image.uisdc.com/wp-content/uploads/2022/04/sdcnav-design-box.png",
      "href": "https://weibo.com/edddesign"
    },
    {
      "site_id": "1203",
      "category_id": "119",
      "category_name": "designMedia",
      "category_name_cn": "设计媒体",
      "site_name": "你丫才美工",
      "description": "严格意义来讲，打水印和打码一样，都是下流的凑性",
      "icon": "https://image.uisdc.com/wp-content/uploads/2018/08/sdcnav-19-1.png",
      "href": "https://weibo.com/honghaier555"
    },
    {
      "site_id": "1204",
      "category_id": "119",
      "category_name": "designMedia",
      "category_name_cn": "设计媒体",
      "site_name": "意匠id",
      "description": "最精致的微博拥有最好的粉丝，分享美好，分享生活",
      "icon": "https://image.uisdc.com/wp-content/uploads/2018/08/sdcnav-19-8.png",
      "href": "https://weibo.com/mdabao"
    },
    {
      "site_id": "1205",
      "category_id": "119",
      "category_name": "designMedia",
      "category_name_cn": "设计媒体",
      "site_name": "优秀网页设计",
      "description": "设计干货微博！每日更新及时，推荐关注",
      "icon": "https://image.uisdc.com/wp-content/uploads/2020/02/nav-uisdc-0209.png",
      "href": "https://weibo.com/uidesign"
    },
    {
      "site_id": "1206",
      "category_id": "119",
      "category_name": "designMedia",
      "category_name_cn": "设计媒体",
      "site_name": "优设大课堂",
      "description": "跟对老师学知识，优设大课堂官方微博",
      "icon": "https://image.uisdc.com/wp-content/uploads/2020/02/nav-dkt-0209.png",
      "href": "https://weibo.com/u/6021844857"
    },
    {
      "site_id": "1207",
      "category_id": "119",
      "category_name": "designMedia",
      "category_name_cn": "设计媒体",
      "site_name": "平面版式设计",
      "description": "知名设计美学博主，前沿的平面版式设计灵感",
      "icon": "https://image.uisdc.com/wp-content/uploads/2018/08/sdcnav-px-4.png",
      "href": "https://weibo.com/u/5317715201"
    },
    {
      "site_id": "1208",
      "category_id": "119",
      "category_name": "designMedia",
      "category_name_cn": "设计媒体",
      "site_name": "手绘插画设计",
      "description": "知名设计美学博主",
      "icon": "https://image.uisdc.com/wp-content/uploads/2018/08/sdcnav-px-3.png",
      "href": "https://weibo.com/u/3123287587"
    },
    {
      "site_id": "1209",
      "category_id": "119",
      "category_name": "designMedia",
      "category_name_cn": "设计媒体",
      "site_name": "Photoshop大师",
      "description": "微博知名设计美学博主",
      "icon": "https://image.uisdc.com/wp-content/uploads/2022/11/sdcnav-ps-2022.png",
      "href": "https://weibo.com/psdashi"
    },
    {
      "site_id": "1210",
      "category_id": "119",
      "category_name": "designMedia",
      "category_name_cn": "设计媒体",
      "site_name": "招聘设计师",
      "description": "可以帮你找工作的微博，准备好简历@她即可",
      "icon": "https://image.uisdc.com/wp-content/uploads/2020/02/nav-job-0209.png",
      "href": "https://weibo.com/desginjob"
    }
  ]
}
